ts,coin,round,side,price,condition_id,src_exec,sold_tp,tp_exit,realized_stored,yes_won,won,pnl_round,pnl_tp
2026-09-18T13:41:17,BTC,btc-updown-5m-1789738800,YES,0.66,0xce113b8a6447e8e9ddfbc9f1f1147720dfd0c7f059bc24e0187d8af9ec6c745a,recon,1,0.999,0.51,1,1,0.515152,0.51
2026-09-18T13:41:18,SOL,sol-updown-5m-1789738800,YES,0.7,0x10734be37eb7b93840ece0cb6ccb241e5cf160a0668f34954149c4af4e361321,recon,1,0.999,0.43,1,1,0.428571,0.43
2026-09-18T13:41:18,XRP,xrp-updown-5m-1789738800,YES,0.68,0xb5d34f7585429a166b11eef9c25913aaca96a491a9f12231ee4f71c0405169aa,recon,1,0.999,0.47,1,1,0.470588,0.47
2026-09-18T13:41:18,DOGE,doge-updown-5m-1789738800,YES,0.75,0x0f9b70c66d011fcdfb3689e003eaef0fbb5de0c2f5ea0c8faa0282831a8d56f8,recon,1,0.999,0.33,1,1,0.333333,0.33
2026-09-18T14:07:34,DOGE,doge-updown-5m-1789740300,YES,0.7,0xaee8f85c5dae54824b525f1b64476c811ad9cdb87a4badd62d45a4d1779c333b,recon,0,,-1.0,0,0,-1.0,-1.0
2026-09-18T14:12:34,ETH,eth-updown-5m-1789740600,NO,0.58,0x162dc3bbfb9ca6597f06a298a606687c24e566d23eb4ad3b20e66115eeb96e48,recon,0,,-1.0,1,0,-1.0,-1.0
2026-09-18T14:12:34,XRP,xrp-updown-5m-1789740600,YES,0.64,0xc801257e526df58b3d0cab505e179f1a2ef3cd78d42311e2dcb28804d4c462e1,recon,0,,0.5625,1,1,0.5625,0.5625
2026-09-18T14:37:34,BTC,btc-updown-5m-1789742100,YES,0.68,0x5304efa71b5b8bb895cb15fe3b0660b5bfa3d94f5b2e729e8a680de65e61be99,recon,0,,-1.0,0,0,-1.0,-1.0
2026-09-18T14:37:35,XRP,xrp-updown-5m-1789742100,YES,0.75,0xbc9fa0aa8ea676a50399bdd52ddf33202ad6b49a4a3ec30e648e60e0a0291e99,recon,0,,0.3333,1,1,0.333333,0.333333
2026-09-18T14:47:35,BTC,btc-updown-5m-1789742700,YES,0.61,0x3627b3efcb0688c07e97709a43323e78f37a37667963148473420c8c3ce41a16,recon,0,,0.6393,1,1,0.639344,0.639344
2026-09-18T14:47:35,ETH,eth-updown-5m-1789742700,NO,0.71,0x5a3391a55bb21ff68a60aebf664997a61676cbc2bf3d3e82e17bf3e63e742a35,recon,0,,-1.0,1,0,-1.0,-1.0
2026-09-18T14:47:36,DOGE,doge-updown-5m-1789742700,YES,0.72,0x7ee19d719f87cb5101ae427f163844283075ef37a7479d170998db81bf7ffef0,recon,0,,0.3889,1,1,0.388889,0.388889
2026-09-18T14:52:36,BTC,btc-updown-5m-1789743000,NO,0.74,0xe8578a710487464d82caf953ad672ec77b77353561d789c3b504866d8c626def,recon,0,,0.3514,0,1,0.351351,0.351351
2026-09-18T14:52:36,ETH,eth-updown-5m-1789743000,NO,0.67,0x54f2233ae4e1fd82d71e626ed5e93ba4583091da161362289a90924871a08bb3,recon,0,,-1.0,1,0,-1.0,-1.0
2026-09-18T14:52:37,DOGE,doge-updown-5m-1789743000,YES,0.65,0x296acfe77a76658f47185f8b9dc2896ce54881cb344b92420beedd7da9afcd52,recon,0,,-1.0,0,0,-1.0,-1.0
2026-09-18T14:57:40,ETH,eth-updown-5m-1789743300,YES,0.58,0x1566f4f7fe9141f25c6c1fd30be7d5735ffd2f1564f240c6187a6e1ea53432dd,recon,0,,0.7241,1,1,0.724138,0.724138
2026-09-18T15:02:37,BTC,btc-updown-5m-1789743600,NO,0.65,0x88102a697f5ca9a30cf3ec816478f66e0c4d005ae2199acb85f27b3dc2d3a40a,recon,1,0.999,0.54,0,1,0.538462,0.54
2026-09-18T15:02:37,ETH,eth-updown-5m-1789743600,NO,0.63,0x350b74ea017a5a667635420e193bd18148ad501116e5ad94cd950cb0df9a2d96,recon,0,,0.5873,0,1,0.587302,0.587302
2026-09-18T15:07:38,DOGE,doge-updown-5m-1789743900,NO,0.61,0x9218620f94656f69cc3ed722ceada56e1aae8f4d66e157d0ec4c42cb0191f147,recon,0,,0.6393,0,1,0.639344,0.639344
2026-09-18T15:12:38,XRP,xrp-updown-5m-1789744200,YES,0.64,0xd978ba7167b81747ded26a4b4f40f94e5013540fcbc7c83afe636aec9c615d01,recon,0,,0.5625,1,1,0.5625,0.5625
2026-09-18T15:12:38,DOGE,doge-updown-5m-1789744200,YES,0.75,0x2f7bcc50bfe68df66b7a71ccb9b3f8f54f1e890fde56c18f8e84e5526164e90e,recon,0,,0.3333,1,1,0.333333,0.333333
2026-09-18T15:22:38,BTC,btc-updown-5m-1789744800,YES,0.66,0xa5e66a8cd0aa97a595ae25882aeac6f04a7d385196252e5ac5e3162bc255048b,recon,0,,0.5152,1,1,0.515152,0.515152
2026-09-18T15:22:38,XRP,xrp-updown-5m-1789744800,NO,0.67,0x5b900e1eb588a39975bb7ffcae8d346b7274686cbb79dc442130b9ce081b0561,recon,0,,-1.0,1,0,-1.0,-1.0
2026-09-18T15:27:39,XRP,xrp-updown-5m-1789745100,NO,0.73,0x6fc7cf3b4cd7820df4503ea264d2d85d1071cb99a3b8925575ed399e72517b21,recon,0,,0.3699,0,1,0.369863,0.369863
2026-09-18T15:27:39,DOGE,doge-updown-5m-1789745100,YES,0.7,0x3508010e1a1e1787f313fd4eae2c65678878f6f40e83e8ebd5b088b9bb426e53,recon,0,,-1.0,0,0,-1.0,-1.0
2026-09-18T15:42:39,SOL,sol-updown-5m-1789746000,YES,0.75,0x31b1a9ab5b0a7f158514b11f95e3ed4d7e256f40b145b5772daa23387309e13e,recon,0,,-1.0,0,0,-1.0,-1.0
2026-09-18T15:47:39,ETH,eth-updown-5m-1789746300,YES,0.67,0x330944ce7f022d13439bb4e64924726ad3a8f38d86a116cccb800f5ca9a87a50,recon,0,,0.4925,1,1,0.492537,0.492537
2026-09-18T15:47:40,SOL,sol-updown-5m-1789746300,YES,0.75,0x46f6c313e86ddb7c6e063f3b2cc3a3e9e836496806157658fc6f0da8aa6979be,recon,0,,0.3333,1,1,0.333333,0.333333
2026-09-18T15:52:39,SOL,sol-updown-5m-1789746600,NO,0.74,0xf4ed47fe88534bc94742e7cc4e25e02bd47bea02cd113d88f975c96ea4f4a2fb,recon,0,,0.3514,0,1,0.351351,0.351351
2026-09-18T15:57:40,ETH,eth-updown-5m-1789746900,YES,0.67,0x026753d94633aeabadd03fc366574cfad2417b903a7855b169c11fdbec94b195,recon,0,,0.4925,1,1,0.492537,0.492537
2026-09-18T16:02:41,ETH,eth-updown-5m-1789747200,NO,0.72,0x47c615649f44c677ef5bf62060ee6ffc75cb53d6cfcd000e1349d1891957c782,recon,0,,-1.0,1,0,-1.0,-1.0
2026-09-18T16:02:41,SOL,sol-updown-5m-1789747200,NO,0.65,0x8a3574dd7fb101d84ca1911e4159db0fcb24a2a27e2d9a39ada6297dabde465d,recon,0,,-1.0,1,0,-1.0,-1.0
2026-09-18T16:02:41,XRP,xrp-updown-5m-1789747200,NO,0.58,0xd5249c6e7510fcd23fda8cc74cfccc2aeb5dfdc9018d8ffaae28d7876e6a4bf5,recon,0,,0.7241,0,1,0.724138,0.724138
2026-09-18T16:12:42,XRP,xrp-updown-5m-1789747800,NO,0.63,0xf7ae59a0aa6968200233513a3550a5c6efc717bfcfdf4ce79b2946f28da589d9,recon,0,,0.5873,0,1,0.587302,0.587302
2026-09-18T16:17:42,ETH,eth-updown-5m-1789748100,YES,0.61,0x241662ffa5faff85f65ad8c99f16f724741bcdc4df99ba76fdd90ce9e7a34261,recon,0,,0.6393,1,1,0.639344,0.639344
2026-09-18T16:22:42,SOL,sol-updown-5m-1789748400,NO,0.6,0xe647c4fbe8540d5a497f44b5b27f7394e6f52a257cff8ee7ae3a457ecf795e1f,recon,0,,-1.0,1,0,-1.0,-1.0
2026-09-18T16:22:42,XRP,xrp-updown-5m-1789748400,YES,0.67,0x42f11c7478353194c620440e04132a8dd49a67bc6c3f8e4013ab8f2d5d078437,recon,0,,0.4925,1,1,0.492537,0.492537
2026-09-18T16:27:43,ETH,eth-updown-5m-1789748700,YES,0.58,0x1e3475fa0c1b27d91d6efe9b41a8bd0e94b824a93af9485e3c1e3c54a0f7775e,recon,1,0.999,0.72,1,1,0.724138,0.72
2026-09-18T16:27:43,SOL,sol-updown-5m-1789748700,NO,0.68,0xcc561c820673c1a4f5db06eb2669eb671881d81e3566dad428f644d971fd4c6f,recon,0,,-1.0,1,0,-1.0,-1.0
2026-09-18T16:27:44,XRP,xrp-updown-5m-1789748700,NO,0.75,0x62be7db5231d3b3289bc0933d6cb775a3636670c5e41f68f4fea7d91ee0ae164,recon,0,,0.3333,0,1,0.333333,0.333333
2026-09-18T16:57:43,ETH,eth-updown-5m-1789750500,YES,0.74,0xd1d7e44554942b61352911ac4de66cfd83d99302515982c9b533cf6497c2d0f7,recon,0,,-1.0,0,0,-1.0,-1.0
2026-09-18T16:57:43,SOL,sol-updown-5m-1789750500,YES,0.6,0xcc17d2c5ffa772966362c2cc39f57bc48b06af30a16e39d178b06663fb08bc73,recon,0,,-1.0,0,0,-1.0,-1.0
2026-09-18T17:07:43,BTC,btc-updown-5m-1789751100,NO,0.59,0x86054f8a8d400de07469265dd3ab0d191bf032421579642eb2b6370f785264a5,recon,1,0.999,0.69,0,1,0.694915,0.69
2026-09-18T17:07:43,ETH,eth-updown-5m-1789751100,NO,0.7,0xfb320a9105c2f30f326ee151329d5207c3f5b908b7b562acae74d00f2052e379,recon,1,0.999,0.43,0,1,0.428571,0.43
2026-09-18T17:12:43,ETH,eth-updown-5m-1789751400,NO,0.7,0xbd15928b070de0ffc32593709bcea45ce747f40189b72fa8bb9ec1f98f7429d0,recon,0,,-1.0,1,0,-1.0,-1.0
2026-09-18T17:12:43,SOL,sol-updown-5m-1789751400,YES,0.64,0x2097b092b2e378831dae430305c5edf9ade40871cae7d9e03e9eea28a0b84376,recon,0,,0.5625,1,1,0.5625,0.5625
2026-09-18T17:12:44,DOGE,doge-updown-5m-1789751400,YES,0.65,0xf93243ce704195847e8f65ebecbcd561505040a38eb7ba351b67f3305e54062f,recon,0,,0.5385,1,1,0.538462,0.538462
2026-09-18T17:17:45,BTC,btc-updown-5m-1789751700,YES,0.67,0x8be007eebecab463734f00b10564514cc086939ed52d0c24366d83178ad7b9aa,recon,0,,-1.0,0,0,-1.0,-1.0
2026-09-18T17:17:45,ETH,eth-updown-5m-1789751700,YES,0.72,0x48cfdec33e0c0fcd85bcbb7691e5bcc6d7c8a9070b6b7752358fca4519b79194,recon,0,,-1.0,0,0,-1.0,-1.0
2026-09-18T17:52:53,SOL,sol-updown-5m-1789753800,YES,0.62,0x489bbe6dba13e7760f4ebf7671a6c9a5c57fd120cc475cdf26ba4214d3118c35,recon,0,,0.6129,1,1,0.612903,0.612903
2026-09-18T17:57:48,SOL,sol-updown-5m-1789754100,YES,0.71,0x484deb6e25edca555876bd7aff9923e4169d9ded99ddbbe692d7ae5968b333d2,recon,0,,0.4085,1,1,0.408451,0.408451
2026-09-18T18:07:46,ETH,eth-updown-5m-1789754700,YES,0.75,0x7a422b8a10342984802a9339d74355a74a3ee975ee6063023b1ac84edf9c0a21,recon,0,,0.3333,1,1,0.333333,0.333333
2026-09-19T00:09:43,SOL,sol-updown-5m-1789776600,YES,0.7,0x5ba4436e0491adf06f4ea11e98f78223984e45d684530102d99093cc98603e65,recon,1,0.99,0.41,1,1,0.428571,0.41
2026-09-19T03:04:42,ETH,eth-updown-5m-1789787100,YES,0.72,0x573a5dd81e541ce9bb85927f37a093b1dbc8c04c8339c4e8949854260c80a098,recon,0,,-1.0,0,0,-1.0,-1.0
2026-09-19T05:49:43,SOL,sol-updown-5m-1789797000,NO,0.7,0xe043de7e4b14a9ab583241c526adf9508375560c57aa8ef10d8843bc00e61506,recon,1,0.99,0.41,0,1,0.428571,0.41
2026-09-19T09:29:43,ETH,eth-updown-5m-1789810200,NO,0.72,0xe94fc4002921d6aafec79c5beba405e2243ff17d4b59634d0b1e9e13bbeac72a,recon,1,0.999,0.39,0,1,0.388889,0.39
2026-09-19T12:54:42,SOL,sol-updown-5m-1789822500,NO,0.7,0xef751832971c2ddea48ef31ade5e395bc6619188b8d62f3dd9d4fd73d3f4ef4b,recon,1,0.99,0.41,0,1,0.428571,0.41
2026-09-19T15:54:43,ETH,eth-updown-5m-1789833300,NO,0.72,0x0714c339a63a0a872916e376ce682553ca42ae27d74106472990daa816713a6e,recon,1,0.999,0.39,0,1,0.388889,0.39
2026-09-20T00:29:43,SOL,sol-updown-5m-1789864200,YES,0.7,0xb4b9dbd23c3c047f1a1b32ae40e46669bca71fc34958e545dbce2b76a631c877,recon,1,0.99,0.41,1,1,0.428571,0.41
2026-09-20T02:44:43,BTC,btc-updown-5m-1789872300,NO,0.7,0x9f0dca45d60b60839a2f523ea6d3ad5bbae3060ace34f07bf704f783e44bab48,recon,1,0.99,0.41,0,1,0.428571,0.41
2026-09-20T02:54:43,SOL,sol-updown-5m-1789872900,YES,0.7,0x635efd1ecb8958a5fbc38539d8496eb27ef06bc4a338b7828c2b279f1d2f9883,recon,0,,-1.0,0,0,-1.0,-1.0
2026-09-20T10:14:43,BTC,btc-updown-5m-1789899300,YES,0.7,0x85cc7dbddb0fd36f8f3a2c73dd494bc93ce83966094c86dbff9b0581e1309185,recon,1,0.99,0.41,1,1,0.428571,0.41
2026-09-20T10:14:43,ETH,eth-updown-5m-1789899300,YES,0.74,0x63b74949aeb76dfe5f728c9a1849220fa77d8d24d54ef9f64e744bad9c5cf592,recon,1,0.999,0.35,1,1,0.351351,0.35
2026-09-25T21:26:30,BTC,btc-updown-5m-1790371500,YES,0.7,0x957be07ff9c62946e006b3b8b0b886bcd97a82087c1aa170718f06baf8d8c9b0,history,0,,0.4286,1,1,0.428571,0.428571
2026-09-25T21:26:31,ETH,eth-updown-5m-1790371500,YES,0.59,0x59ce1263bd3adb4bed16d58a7c59a446ab364f6cd1e70dfa914b3d4720926f88,history,0,,0.6949,1,1,0.694915,0.694915
2026-09-25T21:26:32,DOGE,doge-updown-5m-1790371500,NO,0.72,0xf796f077339e1f616cc50fba1b73e729b31d4df049a496f70c35ac2acfa272a6,history,0,,-1,1,0,-1.0,-1.0
2026-09-25T21:34:28,BTC,btc-updown-5m-1790372100,YES,0.58,0x48ab40eeec19e668947bc86ae7bea6e00bdc99c35a40586031adec227ff03233,history,1,,0.6897,1,1,0.724138,0.6897
2026-09-25T21:49:26,ETH,eth-updown-5m-1790372700,YES,0.65,0x55dcc3b8e833e345e4c3adada5b5b857cf608c18c19537a96b136ec513d7b0e6,history,0,,-1,0,0,-1.0,-1.0
2026-09-25T22:24:26,XRP,xrp-updown-5m-1790374800,YES,0.74,0x3a6acd9c783c45ab203b29ebf6bfd701a88c8053f88db9e5b3229327f4616741,history,0,,0.3514,1,1,0.351351,0.351351
2026-09-25T22:34:26,BTC,btc-updown-5m-1790375700,YES,0.58,0x218a2d19a15850613326301144ef5c591683badcd2cfe527f81ab0917a939267,history,1,,0.7069,1,1,0.724138,0.7069
2026-09-25T22:44:27,ETH,eth-updown-5m-1790376300,NO,0.58,0xa728f63a46fbea25471c464006568deb6ab94b96d32a58f390a4eba361e48996,history,1,,0.6724,0,1,0.724138,0.6724
2026-09-25T23:09:26,ETH,eth-updown-5m-1790377500,YES,0.71,0x0505ffcc62f839a5ac85ed3392018803f43a2ab87a7d890e511482acd2275661,history,0,,0.4085,1,1,0.408451,0.408451
2026-09-25T23:24:27,BTC,btc-updown-5m-1790378700,NO,0.63,0x661a7fd0223cf1cdd9429d62b3eba8378aa598f56a074f1d20410e5bec398cb6,history,0,,-1,1,0,-1.0,-1.0
2026-09-25T23:29:26,SOL,sol-updown-5m-1790378700,YES,0.61,0x0c938c9a33bad8ac6c9a7b7e41ce3301120483a5ad2b4047b432a0c357bb8f76,history,0,,-1,0,0,-1.0,-1.0
2026-09-25T23:29:26,XRP,xrp-updown-5m-1790378700,YES,0.66,0x6f1e893807c1424a845786d57c9c878f0d272ba2217bfbbebbd5f7b4194b6657,history,0,,-1,0,0,-1.0,-1.0
2026-09-25T23:59:26,ETH,eth-updown-5m-1790380500,YES,0.63,0x968c62206bb98576abea14eb6c885c231adf315fe67247e5359cc2ab32bfc5ca,history,0,,0.5873,1,1,0.587302,0.587302
2026-09-26T00:34:27,ETH,eth-updown-5m-1790382900,YES,0.59,0x672d82e5b5e5ddca6e3fe6f0e2bc5f323b58b4b9ca4c445bb9a33678ca422fcf,history,0,,-1,0,0,-1.0,-1.0
2026-09-26T00:49:28,ETH,eth-updown-5m-1790383800,NO,0.59,0x8a5686d3fc53c6aef7245a8599a3a1fc86cd5473ca930ee7c7dfe76f92f67121,history,0,,-1,1,0,-1.0,-1.0
2026-09-26T02:14:27,BTC,btc-updown-5m-1790388900,YES,0.64,0x2d0288d3811a5fcba94edf3e5b010bdda9b1ed846fa92488fa9c640390608ff1,history,1,0.99,0.5469,1,1,0.5625,0.5469
2026-09-26T02:39:27,BTC,btc-updown-5m-1790390400,NO,0.6,0xb5043695128c02fbba415b2f9aa57b407f0dc16f2072172095b5af27a1beadd1,history,0,,-1,1,0,-1.0,-1.0
2026-09-26T02:59:27,SOL,sol-updown-5m-1790391300,NO,0.75,0x4fa4df5e128060d05857892e6ec9fd85ba29f81257453b4ff9894842c6af4cb5,history,0,,0.3333,0,1,0.333333,0.333333
2026-09-26T02:59:28,BTC,btc-updown-5m-1790391600,NO,0.58,0x284b4df5753d2a68b76cfedad6c8f3734e5433b0a1c6e4a3cac9627caff42c75,history,1,0.99,0.7069,0,1,0.724138,0.7069
2026-09-26T03:59:25,BTC,btc-updown-5m-1790394900,NO,0.74,0x31c1e96626b9d249ccee4cc3a63301420bcb58e2911ecaa217b339dae0566d2d,history,0,,0.3514,0,1,0.351351,0.351351
2026-09-26T05:09:27,BTC,btc-updown-5m-1790399400,NO,0.59,0x244bd0fac96ee58ba4e69ac829679125d8aec096550277ff711a61f98d329148,history,1,0.999,0.6932,0,1,0.694915,0.6932
2026-09-26T05:19:27,BTC,btc-updown-5m-1790400000,YES,0.63,0xfc220cd1e3640d0cb192ac3247b1b62b273d30994697edbaa9aba8afcf8fe28c,history,1,0.999,0.5857,1,1,0.587302,0.5857
2026-09-26T05:34:28,SOL,sol-updown-5m-1790400900,YES,0.58,0xe2d47248005815304c40a5131db83d7604649105308c6c63152d639039b10f5d,history,1,0.99,0.7069,1,1,0.724138,0.7069
2026-09-26T05:39:28,SOL,sol-updown-5m-1790401200,YES,0.59,0xff8d6c89b605c82653af9717c9270a041a1ed3983ed601334785635dc2111737,history,1,0.99,0.678,1,1,0.694915,0.678
2026-09-26T05:44:25,BTC,btc-updown-5m-1790401200,NO,0.68,0x08ddd26ed4522d6fc84594692e7d9469b5229802341eceff286d81e96d0c9b09,history,0,,0.4706,0,1,0.470588,0.470588
2026-09-26T06:24:26,XRP,xrp-updown-5m-1790403600,YES,0.66,0x49c34e7378bd6c58ad25853c4677956da3d2345578fdec8a2b42825331cd6414,history,0,,0.5152,1,1,0.515152,0.515152
2026-09-26T06:34:27,BTC,btc-updown-5m-1790404500,NO,0.64,0x982ca527cec5c79108ed14c88e6e325a06d08a8d79150df793f42cbe0846e8c1,history,1,0.999,0.5609,0,1,0.5625,0.5609
2026-09-26T06:39:27,BTC,btc-updown-5m-1790404800,YES,0.62,0x54c2fb341dc883ea50709f1981a52398f29c0c31c5896dbbd2b52f2c65a3594c,history,1,,-0.9677,0,0,-1.0,-0.9677
2026-09-26T07:04:27,BTC,btc-updown-5m-1790406300,YES,0.66,0x1295e6dd51bcc4c3fabeee95fb6383a521668b9d3473efae1b5de714d14ea31c,history,1,0.999,0.5136,1,1,0.515152,0.5136
2026-09-26T07:24:29,BTC,btc-updown-5m-1790407500,NO,0.59,0x6305276564d47cb282b7be3d8f35ce17d2d45296684395933ba4cbe91d616e0e,history,1,0.98,0.661,0,1,0.694915,0.661
2026-09-26T08:24:26,DOGE,doge-updown-5m-1790410800,YES,0.7,0x57f0ad682cb094f1d08676e4660110fd6693e7c4fc44f3c3fed4fbab323ab86e,history,0,,0.4286,1,1,0.428571,0.428571
2026-09-26T08:39:27,BTC,btc-updown-5m-1790412000,NO,0.58,0xe12121df9e614e12f0e8b9220528b9c5ee9e049dd0821d74914fe88816dffbae,history,1,0.98,0.6897,0,1,0.724138,0.6897
2026-09-26T09:14:27,BTC,btc-updown-5m-1790414100,YES,0.59,0x7e730f3b6b38517f80694a6214eb68ab61ed2236147133803302a47ff4eb73af,history,1,,-0.9322,0,0,-1.0,-0.9322
2026-09-26T09:19:27,DOGE,doge-updown-5m-1790414100,YES,0.66,0x289086e876b811eabf57c8005ef1aa873e51e6c96380513782b3db4f157bf50a,history,0,,0.5152,1,1,0.515152,0.515152
2026-09-26T09:19:27,BTC,btc-updown-5m-1790414400,YES,0.6,0x8ac45f699ea845ad5fff05b15da0c1170ce4dc605fd5e288b999cf1d99858daa,history,1,0.99,0.65,1,1,0.666667,0.65
2026-09-26T09:34:26,SOL,sol-updown-5m-1790415000,YES,0.72,0xb92954c9b35522db1972cee958ac936122a8dcebaa555701166e2f59b3d0fa68,history,0,,0.3889,1,1,0.388889,0.388889
2026-09-26T09:44:27,SOL,sol-updown-5m-1790415900,YES,0.58,0x747b462cd26adbd2a519764352979f156c50b3e21824e4cc676455d7a400e3cd,history,1,0.85,0.4655,1,1,0.724138,0.4655
2026-09-26T09:59:27,BTC,btc-updown-5m-1790416800,YES,0.64,0x520dcb3ec57b112c8f3408192c19bb89bfe13c2fcf829bf77952ac0e656497d7,history,0,,0,,,,
