coin,round,ts,side,price,src,won,realized
BTC,btc-updown-5m-1789738800,2026-09-18T13:41:17,YES,0.66,TP,True,0.51
SOL,sol-updown-5m-1789738800,2026-09-18T13:41:18,YES,0.7,TP,True,0.43
XRP,xrp-updown-5m-1789738800,2026-09-18T13:41:18,YES,0.68,TP,True,0.47
DOGE,doge-updown-5m-1789738800,2026-09-18T13:41:18,YES,0.75,TP,True,0.33
DOGE,doge-updown-5m-1789740300,2026-09-18T14:07:34,YES,0.7,Gamma,False,-1.0
ETH,eth-updown-5m-1789740600,2026-09-18T14:12:34,NO,0.58,Gamma,False,-1.0
XRP,xrp-updown-5m-1789740600,2026-09-18T14:12:34,YES,0.64,Gamma,True,0.5625
BTC,btc-updown-5m-1789742100,2026-09-18T14:37:34,YES,0.68,Gamma,False,-1.0
XRP,xrp-updown-5m-1789742100,2026-09-18T14:37:35,YES,0.75,Gamma,True,0.3333
BTC,btc-updown-5m-1789742700,2026-09-18T14:47:35,YES,0.61,Gamma,True,0.6393
ETH,eth-updown-5m-1789742700,2026-09-18T14:47:35,NO,0.71,Gamma,False,-1.0
DOGE,doge-updown-5m-1789742700,2026-09-18T14:47:36,YES,0.72,Gamma,True,0.3889
BTC,btc-updown-5m-1789743000,2026-09-18T14:52:36,NO,0.74,Gamma,True,0.3514
ETH,eth-updown-5m-1789743000,2026-09-18T14:52:36,NO,0.67,Gamma,False,-1.0
DOGE,doge-updown-5m-1789743000,2026-09-18T14:52:37,YES,0.65,Gamma,False,-1.0
ETH,eth-updown-5m-1789743300,2026-09-18T14:57:40,YES,0.58,Gamma,True,0.7241
BTC,btc-updown-5m-1789743600,2026-09-18T15:02:37,NO,0.65,TP,True,0.54
ETH,eth-updown-5m-1789743600,2026-09-18T15:02:37,NO,0.63,Gamma,True,0.5873
DOGE,doge-updown-5m-1789743900,2026-09-18T15:07:38,NO,0.61,Gamma,True,0.6393
XRP,xrp-updown-5m-1789744200,2026-09-18T15:12:38,YES,0.64,Gamma,True,0.5625
DOGE,doge-updown-5m-1789744200,2026-09-18T15:12:38,YES,0.75,Gamma,True,0.3333
BTC,btc-updown-5m-1789744800,2026-09-18T15:22:38,YES,0.66,Gamma,True,0.5152
XRP,xrp-updown-5m-1789744800,2026-09-18T15:22:38,NO,0.67,Gamma,False,-1.0
XRP,xrp-updown-5m-1789745100,2026-09-18T15:27:39,NO,0.73,Gamma,True,0.3699
DOGE,doge-updown-5m-1789745100,2026-09-18T15:27:39,YES,0.7,Gamma,False,-1.0
SOL,sol-updown-5m-1789746000,2026-09-18T15:42:39,YES,0.75,Gamma,False,-1.0
ETH,eth-updown-5m-1789746300,2026-09-18T15:47:39,YES,0.67,Gamma,True,0.4925
SOL,sol-updown-5m-1789746300,2026-09-18T15:47:40,YES,0.75,Gamma,True,0.3333
SOL,sol-updown-5m-1789746600,2026-09-18T15:52:39,NO,0.74,Gamma,True,0.3514
ETH,eth-updown-5m-1789746900,2026-09-18T15:57:40,YES,0.67,Gamma,True,0.4925
ETH,eth-updown-5m-1789747200,2026-09-18T16:02:41,NO,0.72,Gamma,False,-1.0
SOL,sol-updown-5m-1789747200,2026-09-18T16:02:41,NO,0.65,Gamma,False,-1.0
XRP,xrp-updown-5m-1789747200,2026-09-18T16:02:41,NO,0.58,Gamma,True,0.7241
XRP,xrp-updown-5m-1789747800,2026-09-18T16:12:42,NO,0.63,Gamma,True,0.5873
ETH,eth-updown-5m-1789748100,2026-09-18T16:17:42,YES,0.61,Gamma,True,0.6393
SOL,sol-updown-5m-1789748400,2026-09-18T16:22:42,NO,0.6,Gamma,False,-1.0
XRP,xrp-updown-5m-1789748400,2026-09-18T16:22:42,YES,0.67,Gamma,True,0.4925
ETH,eth-updown-5m-1789748700,2026-09-18T16:27:43,YES,0.58,TP,True,0.72
SOL,sol-updown-5m-1789748700,2026-09-18T16:27:43,NO,0.68,Gamma,False,-1.0
XRP,xrp-updown-5m-1789748700,2026-09-18T16:27:44,NO,0.75,Gamma,True,0.3333
ETH,eth-updown-5m-1789750500,2026-09-18T16:57:43,YES,0.74,Gamma,False,-1.0
SOL,sol-updown-5m-1789750500,2026-09-18T16:57:43,YES,0.6,Gamma,False,-1.0
BTC,btc-updown-5m-1789751100,2026-09-18T17:07:43,NO,0.59,TP,True,0.69
ETH,eth-updown-5m-1789751100,2026-09-18T17:07:43,NO,0.7,TP,True,0.43
ETH,eth-updown-5m-1789751400,2026-09-18T17:12:43,NO,0.7,Gamma,False,-1.0
SOL,sol-updown-5m-1789751400,2026-09-18T17:12:43,YES,0.64,Gamma,True,0.5625
DOGE,doge-updown-5m-1789751400,2026-09-18T17:12:44,YES,0.65,Gamma,True,0.5385
BTC,btc-updown-5m-1789751700,2026-09-18T17:17:45,YES,0.67,Gamma,False,-1.0
ETH,eth-updown-5m-1789751700,2026-09-18T17:17:45,YES,0.72,Gamma,False,-1.0
SOL,sol-updown-5m-1789753800,2026-09-18T17:52:53,YES,0.62,Gamma,True,0.6129
SOL,sol-updown-5m-1789754100,2026-09-18T17:57:48,YES,0.71,Gamma,True,0.4085
ETH,eth-updown-5m-1789754700,2026-09-18T18:07:46,YES,0.75,Gamma,True,0.3333
SOL,sol-updown-5m-1789776600,2026-09-19T00:09:43,YES,0.7,TP,True,0.41
ETH,eth-updown-5m-1789787100,2026-09-19T03:04:42,YES,0.72,Gamma,False,-1.0
SOL,sol-updown-5m-1789797000,2026-09-19T05:49:43,NO,0.7,TP,True,0.41
ETH,eth-updown-5m-1789810200,2026-09-19T09:29:43,NO,0.72,TP,True,0.39
SOL,sol-updown-5m-1789822500,2026-09-19T12:54:42,NO,0.7,TP,True,0.41
ETH,eth-updown-5m-1789833300,2026-09-19T15:54:43,NO,0.72,TP,True,0.39
SOL,sol-updown-5m-1789864200,2026-09-20T00:29:43,YES,0.7,TP,True,0.41
BTC,btc-updown-5m-1789872300,2026-09-20T02:44:43,NO,0.7,TP,True,0.41
SOL,sol-updown-5m-1789872900,2026-09-20T02:54:43,YES,0.7,Gamma,False,-1.0
BTC,btc-updown-5m-1789899300,2026-09-20T10:14:43,YES,0.7,TP,True,0.41
ETH,eth-updown-5m-1789899300,2026-09-20T10:14:43,YES,0.74,TP,True,0.35
